airport_japan,名称,通称,英語表記,type,説明,wikidata,wikidata2,wikipedia,分類,運営者,DBpedia,国,国コード,Property,GeoNames.jp,都道府県,GeoNamesJp,市区町村,GeoNamesID,住所,lat,long,駅,駅2,GoogleMapsCustomerID,種別,地方,地方2,ID,ID2,Webサイト,数値,単位,wikivoyage
https://linkingopendata.com/airport/?RJAA,成田国際空港,成田空港|新東京国際空港,Narita International Airport,https://imilite.org/施設型,日本の千葉県成田市にある国際空港,Q36454,https://www.wikidata.org/wiki/Q36454,https://ja.wikipedia.org/wiki/成田国際空港,空港,成田国際空港株式会社,http://ja.dbpedia.org/page/成田国際空港,日本,JPN,Q17,https://geonames.jp/resource/千葉県,千葉県,https://geonames.jp/resource/千葉県成田市,成田市,6300307,千葉県成田市古込1-1,35.773584,140.388304,成田空港駅|空港第2ビル駅,https://uedayou.net/jrslod/東日本旅客鉄道/成田線/成田空港,15379275550635200000,会社管理空港,https://linkingopendata.com/local/関東地方,関東地方,NRT,RJAA,https://www.narita-airport.jp/jp,4000|2500,m,https://ja.wikivoyage.org/wiki/成田空港
https://linkingopendata.com/airport/?RJGG,中部国際空港,中部地方国際空港|セントレア|中部空港|名古屋（中部）,Chubu Centrair International Airport,https://imilite.org/施設型,日本の愛知県常滑市にある空港,Q679345,https://www.wikidata.org/wiki/Q679345,https://ja.wikipedia.org/wiki/中部国際空港,空港,中部国際空港株式会社,http://ja.dbpedia.org/page/中部国際空港,日本,JPN,Q17,https://geonames.jp/resource/愛知県,愛知県,https://geonames.jp/resource/愛知県常滑市,常滑市,6300359,愛知県常滑市セントレア1丁目1,34.866059,136.812448,中部国際空港駅,https://uedayou.net/jrslod/名古屋鉄道/名鉄空港線/中部国際空港,4798723015563804709,会社管理空港,https://linkingopendata.com/local/中部地方,中部地方,NGO,RJGG,https://www.centrair.jp/,3500,m,https://ja.wikivoyage.org/wiki/中部国際空港
https://linkingopendata.com/airport/?RJBB,関西国際空港,関西空港|関空,Kansai International Airport,https://imilite.org/施設型,日本の大阪府にある国際空港,Q193682,https://www.wikidata.org/wiki/Q193682,https://ja.wikipedia.org/wiki/関西国際空港,空港,関西エアポート株式会社,http://ja.dbpedia.org/page/関西国際空港,日本,JPN,Q17,https://geonames.jp/resource/大阪府,大阪府,https://geonames.jp/resource/大阪府泉佐野市,泉佐野市,6300316,大阪府泉佐野市泉州空港北1,34.443914,135.252056,関西空港駅,https://uedayou.net/jrslod/西日本旅客鉄道/関西空港線/関西空港,17397871139225636744,会社管理空港,https://linkingopendata.com/local/近畿地方,近畿地方,KIX,RJBB,https://www.kansai-airport.or.jp/,3500|4000,m,
https://linkingopendata.com/airport/?RJOO,大阪国際空港,大阪空港|伊丹空港,Osaka International Airport,https://imilite.org/施設型,日本の大阪府と兵庫県にまたがる国内線専用の空港,Q1046748,https://www.wikidata.org/wiki/Q1046748,https://ja.wikipedia.org/wiki/大阪国際空港,空港,関西エアポート株式会社,http://ja.dbpedia.org/page/大阪国際空港,日本,JPN,Q17,https://geonames.jp/resource/大阪府,大阪府,https://geonames.jp/resource/大阪府豊中市,豊中市,6300380,大阪府豊中市螢池西町3丁目555,34.791486,135.440457,大阪空港駅,https://uedayou.net/jrslod/大阪モノレール/大阪モノレール線/大阪空港,522728200176792781,会社管理空港,https://linkingopendata.com/local/近畿地方,近畿地方,ITM,RJOO,https://www.osaka-airport.co.jp/,1828|3000,m,
https://linkingopendata.com/airport/?RJTT,東京国際空港,羽田空港|ビックバード,Tokyo International Airport,https://imilite.org/施設型,日本の東京都大田区にある国際空港,Q204853,https://www.wikidata.org/wiki/Q204853,https://ja.wikipedia.org/wiki/東京国際空港,空港,国土交通大臣,http://ja.dbpedia.org/page/東京国際空港,日本,JPN,Q17,https://geonames.jp/resource/東京都,東京都,https://geonames.jp/resource/東京都大田区,大田区,6300412,東京都大田区羽田空港,35.557755,139.753315,羽田空港国内線ターミナル駅|羽田空港国際線ターミナル駅,https://uedayou.net/jrslod/京浜急行電鉄/京急空港線/羽田空港国内線ターミナル,951037605456574687,国管理空港,https://linkingopendata.com/local/関東地方,関東地方,HND,RJTT,https://tokyo-haneda.com/,3000|2500|3360|2500,m,https://ja.wikivoyage.org/wiki/東京国際空港
https://linkingopendata.com/airport/?RJCC,新千歳空港,,New Chitose Airport,https://imilite.org/施設型,日本の北海道千歳市、苫小牧市にある空港,Q908296,https://www.wikidata.org/wiki/Q908296,https://ja.wikipedia.org/wiki/新千歳空港,空港,北海道エアポート株式会社,http://ja.dbpedia.org/page/新千歳空港,日本,JPN,Q17,https://geonames.jp/resource/北海道,北海道,https://geonames.jp/resource/北海道千歳市,千歳市,6300322,北海道千歳市美々,42.787573,141.680844,新千歳空港駅,https://uedayou.net/jrslod/北海道旅客鉄道/千歳線/新千歳空港,,国管理空港,https://linkingopendata.com/local/北海道地方,北海道地方,CTS,RJCC,http://www.new-chitose-airport.jp/,3000|3000,m,
https://linkingopendata.com/airport/?RJCW,稚内空港,,Wakkanai Airport,https://imilite.org/施設型,日本の北海道にある空港,Q1368344,https://www.wikidata.org/wiki/Q1368344,https://ja.wikipedia.org/wiki/稚内空港,空港,国土交通大臣,http://ja.dbpedia.org/page/稚内空港,日本,JPN,Q17,https://geonames.jp/resource/北海道,北海道,https://geonames.jp/resource/北海道稚内市,稚内市,,北海道稚内市声問村声問6744,45.399826,141.798323,南稚内駅,https://uedayou.net/jrslod/北海道旅客鉄道/宗谷本線/南稚内,,国管理空港,https://linkingopendata.com/local/北海道地方,北海道地方,WKJ,RJCW,https://www.wkj-airport.jp/,2200,m,
https://linkingopendata.com/airport/?RJCK,釧路空港,たんちょう釧路空港,Kushiro Airport,https://imilite.org/施設型,日本の北海道にある空港,Q1333925,https://www.wikidata.org/wiki/Q1333925,https://ja.wikipedia.org/wiki/釧路空港,空港,国土交通大臣,http://ja.dbpedia.org/page/釧路空港,日本,JPN,Q17,https://geonames.jp/resource/北海道,北海道,https://geonames.jp/resource/北海道釧路市,釧路市,,北海道釧路市鶴丘2番地,43.045163,144.196231,釧路駅,https://uedayou.net/jrslod/北海道旅客鉄道/根室本線/釧路,,国管理空港,https://linkingopendata.com/local/北海道地方,北海道地方,KUH,RJCK,https://www.kushiro-airport.co.jp/,2500,m,
https://linkingopendata.com/airport/?RJCH,函館空港,,Hakodate Airport,https://imilite.org/施設型,日本の北海道函館市にある空港,Q1155685,https://www.wikidata.org/wiki/Q1155685,https://ja.wikipedia.org/wiki/函館空港,空港,国土交通大臣,http://ja.dbpedia.org/page/函館空港,日本,JPN,Q17,https://geonames.jp/resource/北海道,北海道,https://geonames.jp/resource/北海道函館市,函館市,,北海道函館市高松町511番地,41.775646,140.815743,函館駅,https://uedayou.net/jrslod/北海道旅客鉄道/函館本線/函館,,国管理空港,https://linkingopendata.com/local/北海道地方,北海道地方,HKD,RJCH,https://airport.ne.jp/,3000,m,
https://linkingopendata.com/airport/?RJSS,仙台空港,仙台国際空港,Sendai Airport,https://imilite.org/施設型,日本の宮城県にある空港,Q1054857,https://www.wikidata.org/wiki/Q1054857,https://ja.wikipedia.org/wiki/仙台空港,空港,仙台国際空港株式会社,http://ja.dbpedia.org/page/仙台空港,日本,JPN,Q17,https://geonames.jp/resource/宮城県,宮城県,https://geonames.jp/resource/宮城県名取市,名取市,6300399,宮城県名取市下増田南原,38.143669,140.923307,仙台空港駅,https://uedayou.net/jrslod/仙台空港鉄道/仙台空港線/仙台空港,,国管理空港,https://linkingopendata.com/local/東北地方,東北地方,SDJ,RJSS,https://www.sendai-airport.co.jp/,1200|3000,m,
https://linkingopendata.com/airport/?RJSN,新潟空港,,Niigata Airport,https://imilite.org/施設型,日本の新潟県にある空港,Q1197536,https://www.wikidata.org/wiki/Q1197536,https://ja.wikipedia.org/wiki/新潟空港,空港,国土交通大臣,http://ja.dbpedia.org/page/新潟空港,日本,JPN,Q17,https://geonames.jp/resource/新潟県,新潟県,https://geonames.jp/resource/新潟県新潟市,新潟市,6300396,新潟県新潟市東区松浜町3710,37.951072,139.112652,新潟駅,https://uedayou.net/jrslod/東日本旅客鉄道/上越新幹線/新潟,,国管理空港,https://linkingopendata.com/local/中部地方,中部地方,KIJ,RJSN,http://www.niigata-airport.gr.jp/,1314|2500,m,
https://linkingopendata.com/airport/?RJOA,広島空港,,Hiroshima Airport,https://imilite.org/施設型,日本の広島県三原市にある国際空港,Q82240,https://www.wikidata.org/wiki/Q82240,https://ja.wikipedia.org/wiki/広島空港,空港,国土交通大臣,http://ja.dbpedia.org/page/広島空港,日本,JPN,Q17,https://geonames.jp/resource/広島県,広島県,https://geonames.jp/resource/広島県三原市,三原市,6300371,広島県三原市本郷町善入寺64-31,34.439887,132.918616,白市駅,https://uedayou.net/jrslod/西日本旅客鉄道/山陽線/白市,,国管理空港,https://linkingopendata.com/local/中国地方,中国地方,HIJ,RJOA,https://www.hij.airport.jp/,3000,m,
https://linkingopendata.com/airport/?RJOT,高松空港,,Takamatsu Airport,https://imilite.org/施設型,日本の香川県にある空港,Q1334603,https://www.wikidata.org/wiki/Q1334603,https://ja.wikipedia.org/wiki/高松空港,空港,高松空港株式会社,http://ja.dbpedia.org/page/高松空港,日本,JPN,Q17,https://geonames.jp/resource/香川県,香川県,https://geonames.jp/resource/香川県高松市,高松市,6300384,香川県高松市香南町岡1312-7,34.219081,134.019296,高松駅|琴平駅|坂出駅,https://uedayou.net/jrslod/四国旅客鉄道/予讃線/高松,,国管理空港,https://linkingopendata.com/local/四国地方,四国地方,TAK,RJOT,https://www.takamatsu-airport.com/,2500,m,
https://linkingopendata.com/airport/?RJOM,松山空港,,Matsuyama Airport,https://imilite.org/施設型,日本の愛媛県松山市にある空港,Q255345,https://www.wikidata.org/wiki/Q255345,https://ja.wikipedia.org/wiki/松山空港,空港,国土交通大臣,http://ja.dbpedia.org/page/松山空港,日本,JPN,Q17,https://geonames.jp/resource/愛媛県,愛媛県,https://geonames.jp/resource/愛媛県松山市,松山市,6300379,愛媛県松山市南吉田町2731,33.829523,132.701287,松山駅,https://uedayou.net/jrslod/四国旅客鉄道/予讃線/松山,,国管理空港,https://linkingopendata.com/local/四国地方,四国地方,MYJ,RJOM,http://www.matsuyama-airport.co.jp/,2500,m,
https://linkingopendata.com/airport/?RJOK,高知空港,高知龍馬空港,Kochi Airport,https://imilite.org/施設型,日本の高知県にある空港,Q1156315,https://www.wikidata.org/wiki/Q1156315,https://ja.wikipedia.org/wiki/高知空港,空港,国土交通大臣,http://ja.dbpedia.org/page/高知空港,日本,JPN,Q17,https://geonames.jp/resource/高知県,高知県,https://geonames.jp/resource/高知県南国市,南国市,,高知県南国市久枝乙58,33.548625,133.672574,高知駅|ごめん駅|のいち駅,https://uedayou.net/jrslod/四国旅客鉄道/土讃線/高知,,国管理空港,https://linkingopendata.com/local/四国地方,四国地方,KCZ,RJOK,http://www.kochiap.co.jp/,2500,m,
https://linkingopendata.com/airport/?RJFF,福岡空港,板付空港,Fukuoka Airport,https://imilite.org/施設型,日本の福岡県福岡市博多区にある空港,Q1137465,https://www.wikidata.org/wiki/Q1137465,https://ja.wikipedia.org/wiki/福岡空港,空港,福岡国際空港株式会社,http://ja.dbpedia.org/page/福岡空港,日本,JPN,Q17,https://geonames.jp/resource/福岡県,福岡県,https://geonames.jp/resource/福岡県福岡市,福岡市,6300346,福岡県福岡市博多区下臼井778-1,33.596785,130.447937,博多駅|天神駅,https://uedayou.net/jrslod/九州旅客鉄道/九州新幹線/博多,,国管理空港,https://linkingopendata.com/local/九州地方,九州地方,FUK,RJFF,https://www.fukuoka-airport.jp/,2800,m,
https://linkingopendata.com/airport/?RJFR,北九州空港,,Kitakyushu Airport,https://imilite.org/施設型,日本の福岡県にある空港。2006年開港。新北九州空港。,Q594223,https://www.wikidata.org/wiki/Q594223,https://ja.wikipedia.org/wiki/北九州空港,空港,国土交通大臣,http://ja.dbpedia.org/page/北九州空港,日本,JPN,Q17,https://geonames.jp/resource/福岡県,福岡県,https://geonames.jp/resource/福岡県北九州市,北九州市,,福岡県北九州市小倉南区空港北町6,33.838099,131.032089,朽網駅,https://uedayou.net/jrslod/九州旅客鉄道/日豊本線/朽網,,国管理空港,https://linkingopendata.com/local/九州地方,九州地方,KKJ,RJFR,http://www.kitakyu-air.jp/,2500,m,
https://linkingopendata.com/airport/?RJFU,長崎空港　,大村空港,Nagasaki Airport,https://imilite.org/施設型,日本の長崎県にある空港,Q133796,https://www.wikidata.org/wiki/Q133796,https://ja.wikipedia.org/wiki/長崎空港　,空港,国土交通大臣,http://ja.dbpedia.org/page/長崎空港　,日本,JPN,Q17,https://geonames.jp/resource/長崎県,長崎県,https://geonames.jp/resource/長崎県大村市,大村市,6300355,長崎県大村市箕島町593,32.915307,129.921116,長崎駅,https://uedayou.net/jrslod/九州旅客鉄道/長崎本線/長崎,,国管理空港,https://linkingopendata.com/local/九州地方,九州地方,NGS,RJFU,http://nagasaki-airport.jp/,3000,m,
https://linkingopendata.com/airport/?RJFT,熊本空港,阿蘇くまもと空港,Kumamoto Airport,https://imilite.org/施設型,日本の熊本県にある空港,Q1199773,https://www.wikidata.org/wiki/Q1199773,https://ja.wikipedia.org/wiki/熊本空港,空港,熊本国際空港株式会社,http://ja.dbpedia.org/page/熊本空港,日本,JPN,Q17,https://geonames.jp/resource/熊本県,熊本県,https://geonames.jp/resource/熊本県益城町,益城町,6300354,熊本県上益城郡益城町大字小谷1802-2,32.834727,130.85913,肥後大津駅,https://uedayou.net/jrslod/九州旅客鉄道/豊肥本線/肥後大津,,国管理空港,https://linkingopendata.com/local/九州地方,九州地方,KMJ,RJFT,https://www.kumamoto-airport.co.jp/,3000,m,
https://linkingopendata.com/airport/?RJFO,大分空港,,Oita Airport,https://imilite.org/施設型,日本の大分県にある空港,Q1334587,https://www.wikidata.org/wiki/Q1334587,https://ja.wikipedia.org/wiki/大分空港,空港,国土交通大臣,http://ja.dbpedia.org/page/大分空港,日本,JPN,Q17,https://geonames.jp/resource/大分県,大分県,https://geonames.jp/resource/大分県国東市,国東市,6300351,大分県国東市安岐町下原13,33.469499,131.717594,杵築駅,https://uedayou.net/jrslod/九州旅客鉄道/日豊本線/杵築,,国管理空港,https://linkingopendata.com/local/九州地方,九州地方,OIT,RJFO,https://www.oita-airport.jp/,3000,m,
https://linkingopendata.com/airport/?RJFM,宮崎空港,宮崎ブーゲンビリア空港,Miyazaki Airport,https://imilite.org/施設型,日本の宮崎県にある空港,Q1378640,https://www.wikidata.org/wiki/Q1378640,https://ja.wikipedia.org/wiki/宮崎空港,空港,国土交通大臣,http://ja.dbpedia.org/page/宮崎空港,日本,JPN,Q17,https://geonames.jp/resource/宮崎県,宮崎県,https://geonames.jp/resource/宮崎県宮崎市,宮崎市,,宮崎県宮崎市赤江,31.885073,131.448592,宮崎空港駅,https://uedayou.net/jrslod/九州旅客鉄道/宮崎空港線/宮崎空港,,国管理空港,https://linkingopendata.com/local/九州地方,九州地方,KMI,RJFM,https://www.miyazaki-airport.co.jp/,2500,m,
https://linkingopendata.com/airport/?RJFK,鹿児島空港,鹿児島航空基地,Kagoshima Airport,https://imilite.org/施設型,日本の鹿児島県にある空港,Q1156310,https://www.wikidata.org/wiki/Q1156310,https://ja.wikipedia.org/wiki/鹿児島空港,空港,国土交通大臣,http://ja.dbpedia.org/page/鹿児島空港,日本,JPN,Q17,https://geonames.jp/resource/鹿児島県,鹿児島県,https://geonames.jp/resource/鹿児島県霧島市,霧島市,,鹿児島県霧島市溝辺町麓822,31.799208,130.717342,中福良駅,https://uedayou.net/jrslod/九州旅客鉄道/肥薩線/中福良,,国管理空港,https://linkingopendata.com/local/九州地方,九州地方,KOJ,RJFK,https://www.koj-ab.co.jp/,3000,m,
https://linkingopendata.com/airport/?ROAH,那覇空港,,Naha Airport,https://imilite.org/施設型,日本の沖縄県那覇市にある空港,Q1197455,https://www.wikidata.org/wiki/Q1197455,https://ja.wikipedia.org/wiki/那覇空港,空港,国土交通大臣,http://ja.dbpedia.org/page/那覇空港,日本,JPN,Q17,https://geonames.jp/resource/沖縄県,沖縄県,https://geonames.jp/resource/沖縄県那覇市,那覇市,6300458,沖縄県那覇市鏡水150,26.206212,127.650625,那覇空港駅,https://uedayou.net/jrslod/沖縄都市モノレール/沖縄都市モノレール線/那覇空港,,国管理空港,https://linkingopendata.com/local/沖縄地方,沖縄地方,OKA,ROAH,https://www.naha-airport.co.jp/,3000,m,
https://linkingopendata.com/airport/?RJEC,旭川空港,北海道のまん中・旭川空港,Asahikawa Airport,https://imilite.org/施設型,日本の北海道にある空港,Q387048,https://www.wikidata.org/wiki/Q387048,https://ja.wikipedia.org/wiki/旭川空港,空港,北海道エアポート株式会社,http://ja.dbpedia.org/page/旭川空港,日本,JPN,Q17,https://geonames.jp/resource/北海道,北海道,https://geonames.jp/resource/北海道東神楽町,東神楽町,,北海道上川郡東神楽町東2線16号98番地,43.671201,142.453738,,,,特定地方管理空港,https://linkingopendata.com/local/北海道地方,北海道地方,AKJ,RJEC,https://www.aapb.co.jp/,2500,m,
https://linkingopendata.com/airport/?RJCB,帯広空港,とかち帯広空港|新帯広空港,Obihiro Airport,https://imilite.org/施設型,日本の北海道にある空港,Q1332254,https://www.wikidata.org/wiki/Q1332254,https://ja.wikipedia.org/wiki/帯広空港,空港,帯広市,http://ja.dbpedia.org/page/帯広空港,日本,JPN,Q17,https://geonames.jp/resource/北海道,北海道,https://geonames.jp/resource/北海道帯広市,帯広市,,北海道帯広市泉町西9線中841,42.73357,143.21238,,,,特定地方管理空港,https://linkingopendata.com/local/北海道地方,北海道地方,OBO,RJCB,https://obihiro-airport.com/,2500,m,
https://linkingopendata.com/airport/?RJSK,秋田空港,,Akita Airport,https://imilite.org/施設型,日本の秋田県にある空港,Q1336514,https://www.wikidata.org/wiki/Q1336514,https://ja.wikipedia.org/wiki/秋田空港,空港,秋田県,http://ja.dbpedia.org/page/秋田空港,日本,JPN,Q17,https://geonames.jp/resource/秋田県,秋田県,https://geonames.jp/resource/秋田県秋田市,秋田市,6300394,秋田県秋田市雄和椿川山籠49,39.612135,140.217361,,,,特定地方管理空港,https://linkingopendata.com/local/東北地方,東北地方,AXT,RJSK,https://www.akita-airport.com/,2500,m,
https://linkingopendata.com/airport/?RJSC,山形空港,おいしい山形空港,Yamagata Airport,https://imilite.org/施設型,日本の山形県にある空港,Q176187,https://www.wikidata.org/wiki/Q176187,https://ja.wikipedia.org/wiki/山形空港,空港,山形県,http://ja.dbpedia.org/page/山形空港,日本,JPN,Q17,https://geonames.jp/resource/山形県,山形県,https://geonames.jp/resource/山形県東根市,東根市,,山形県東根市大字羽入字柏原新林3008番地,38.409559,140.366385,,,,特定地方管理空港,https://linkingopendata.com/local/東北地方,東北地方,GAJ,RJSC,https://www.yamagata-airport.co.jp/,2000,m,
https://linkingopendata.com/airport/?RJDC,山口宇部空港,宇部空港,Yamaguchi-Ube Airport,https://imilite.org/施設型,日本の山口県にある空港,Q1328906,https://www.wikidata.org/wiki/Q1328906,https://ja.wikipedia.org/wiki/山口宇部空港,空港,山口県,http://ja.dbpedia.org/page/山口宇部空港,日本,JPN,Q17,https://geonames.jp/resource/山口県,山口県,https://geonames.jp/resource/山口県宇部市,宇部市,6300334,山口県宇部市沖宇部625,33.932641,131.27375,,,,特定地方管理空港,https://linkingopendata.com/local/中国地方,中国地方,UBJ,RJDC,http://www.yamaguchiube-airport.jp/,2500,m,
https://linkingopendata.com/airport/?RJER,利尻空港,,Rishiri Airport,https://imilite.org/施設型,日本の北海道にある空港,Q1049856,https://www.wikidata.org/wiki/Q1049856,https://ja.wikipedia.org/wiki/利尻空港,空港,北海道,http://ja.dbpedia.org/page/利尻空港,日本,JPN,Q17,https://geonames.jp/resource/北海道,北海道,https://geonames.jp/resource/北海道利尻富士町,利尻富士町,,北海道利尻郡利尻富士町鴛泊本泊1143番地,45.243766,141.183626,,,,地方管理空港,https://linkingopendata.com/local/北海道地方,北海道地方,RIS,RJER,https://www.town.rishirifuji.hokkaido.jp/rishirifuji/1184.htm,1800,m,
https://linkingopendata.com/airport/?RJCR,礼文空港,,Rebun Airport,https://imilite.org/施設型,日本の北海道にある空港,Q3275961,https://www.wikidata.org/wiki/Q3275961,https://ja.wikipedia.org/wiki/礼文空港,空港,北海道,http://ja.dbpedia.org/page/礼文空港,日本,JPN,Q17,https://geonames.jp/resource/北海道,北海道,https://geonames.jp/resource/北海道礼文町,礼文町,,北海道礼文郡礼文町船泊村ホロトマリ377,45.45239,141.041291,,,,地方管理空港,https://linkingopendata.com/local/北海道地方,北海道地方,RBJ,RJCR,https://www.cab.mlit.go.jp/tcab/conditions/01_hokkaido/11_rebun.html,800,m,
https://linkingopendata.com/airport/?RJEO,奥尻空港,,Okushiri Airport,https://imilite.org/施設型,日本の北海道にある空港,Q1432227,https://www.wikidata.org/wiki/Q1432227,https://ja.wikipedia.org/wiki/奥尻空港,空港,北海道,http://ja.dbpedia.org/page/奥尻空港,日本,JPN,Q17,https://geonames.jp/resource/北海道,北海道,https://geonames.jp/resource/北海道奥尻町,奥尻町,,北海道奥尻郡奥尻町米岡185-2,42.072578,139.435547,,,,地方管理空港,https://linkingopendata.com/local/北海道地方,北海道地方,OIR,RJEO,https://www.town.okushiri.lg.jp/hotnews/detail/00001538.html,1500,m,
https://linkingopendata.com/airport/?RJCN,中標津空港,根室中標津空港,Nakashibetsu Airport,https://imilite.org/施設型,日本の北海道にある空港,Q1432123,https://www.wikidata.org/wiki/Q1432123,https://ja.wikipedia.org/wiki/中標津空港,空港,北海道,http://ja.dbpedia.org/page/中標津空港,日本,JPN,Q17,https://geonames.jp/resource/北海道,北海道,https://geonames.jp/resource/北海道中標津町,中標津町,6300326,北海道標津郡中標津町北中16-9,43.573267,144.956747,,,,地方管理空港,https://linkingopendata.com/local/北海道地方,北海道地方,SHB,RJCN,https://www.nakashibetsu-airport.jp/,2000,m,
https://linkingopendata.com/airport/?RJEB,紋別空港,オホーツク紋別空港,Monbetsu Airport,https://imilite.org/施設型,日本の北海道にある空港,Q1432054,https://www.wikidata.org/wiki/Q1432054,https://ja.wikipedia.org/wiki/紋別空港,空港,北海道,http://ja.dbpedia.org/page/紋別空港,日本,JPN,Q17,https://geonames.jp/resource/北海道,北海道,https://geonames.jp/resource/北海道紋別市,紋別市,,北海道紋別市小向19-3,44.305991,143.407653,,,,地方管理空港,https://linkingopendata.com/local/北海道地方,北海道地方,MBE,RJEB,https://www.ok-m.jp/,2000,m,
https://linkingopendata.com/airport/?RJCM,女満別空港,,Memanbetsu Airport,https://imilite.org/施設型,日本の北海道にある空港,Q651482,https://www.wikidata.org/wiki/Q651482,https://ja.wikipedia.org/wiki/女満別空港,空港,北海道,http://ja.dbpedia.org/page/女満別空港,日本,JPN,Q17,https://geonames.jp/resource/北海道,北海道,https://geonames.jp/resource/北海道大空町,大空町,6300325,北海道網走郡大空町女満別中央,43.882306,144.15884,,,,地方管理空港,https://linkingopendata.com/local/北海道地方,北海道地方,MMB,RJCM,http://www.mmb-airport.co.jp/,2500,m,
https://linkingopendata.com/airport/?RJSA,青森空港,,Aomori Airport,https://imilite.org/施設型,日本の青森県にある空港,Q628429,https://www.wikidata.org/wiki/Q628429,https://ja.wikipedia.org/wiki/青森空港,空港,青森県,http://ja.dbpedia.org/page/青森空港,日本,JPN,Q17,https://geonames.jp/resource/青森県,青森県,https://geonames.jp/resource/青森県青森市,青森市,6300388,青森県青森市大谷小谷1-5,40.738412,140.689237,,,,地方管理空港,https://linkingopendata.com/local/東北地方,東北地方,AOJ,RJSA,https://www.aomori-airport.co.jp/,3000,m,
https://linkingopendata.com/airport/?RJSI,花巻空港,いわて花巻空港,Hanamaki Airport,https://imilite.org/施設型,日本の岩手県にある空港,Q1320088,https://www.wikidata.org/wiki/Q1320088,https://ja.wikipedia.org/wiki/花巻空港,空港,岩手県,http://ja.dbpedia.org/page/花巻空港,日本,JPN,Q17,https://geonames.jp/resource/岩手県,岩手県,https://geonames.jp/resource/岩手県花巻市,花巻市,6300393,岩手県花巻市東宮野目第2地割53番地,39.42148,141.13832,,,,地方管理空港,https://linkingopendata.com/local/東北地方,東北地方,HNA,RJSI,https://www.hna-terminal.co.jp/,2500,m,https://ja.wikivoyage.org/wiki/花巻空港
https://linkingopendata.com/airport/?RJSR,大館能代空港,あきた北空港|道の駅大館能代空港,Odate-Noshiro Airport,https://imilite.org/施設型,日本の秋田県にある空港,Q1016960,https://www.wikidata.org/wiki/Q1016960,https://ja.wikipedia.org/wiki/大館能代空港,空港,秋田県,http://ja.dbpedia.org/page/大館能代空港,日本,JPN,Q17,https://geonames.jp/resource/秋田県,秋田県,https://geonames.jp/resource/秋田県北秋田市,北秋田市,6300398,秋田県北秋田市脇神字からむし岱21番地144,40.198087,140.373551,,,,地方管理空港,https://linkingopendata.com/local/東北地方,東北地方,ONJ,RJSR,https://onj-airterminal.com/,2000,m,
https://linkingopendata.com/airport/?RJSY,庄内空港,おいしい庄内空港,Shonai Airport,https://imilite.org/施設型,日本の山形県にある空港,Q1927323,https://www.wikidata.org/wiki/Q1927323,https://ja.wikipedia.org/wiki/庄内空港,空港,山形県,http://ja.dbpedia.org/page/庄内空港,日本,JPN,Q17,https://geonames.jp/resource/山形県,山形県,https://geonames.jp/resource/山形県酒田市,酒田市,6300401,山形県酒田市浜中村東30-3,38.81576,139.787689,,,,地方管理空港,https://linkingopendata.com/local/東北地方,東北地方,SYO,RJSY,https://www.shonai-airport.co.jp/,2000,m,
https://linkingopendata.com/airport/?RJSF,福島空港,,Fukushima Airport,https://imilite.org/施設型,日本の福島県にある空港,Q177473,https://www.wikidata.org/wiki/Q177473,https://ja.wikipedia.org/wiki/福島空港,空港,福島県,http://ja.dbpedia.org/page/福島空港,日本,JPN,Q17,https://geonames.jp/resource/福島県,福島県,https://geonames.jp/resource/福島県玉川村,玉川村,6300391,福島県石川郡玉川村北須釜はばき田21,37.227104,140.433469,,,,地方管理空港,https://linkingopendata.com/local/東北地方,東北地方,FKS,RJSF,https://www.fks-ab.co.jp/,2500,m,
https://linkingopendata.com/airport/?RJTO,大島空港,,Oshima Airport,https://imilite.org/施設型,日本の東京都大島町にある空港,Q1196909,https://www.wikidata.org/wiki/Q1196909,https://ja.wikipedia.org/wiki/大島空港,空港,東京都港湾局,http://ja.dbpedia.org/page/大島空港,日本,JPN,Q17,https://geonames.jp/resource/東京都,東京都,https://geonames.jp/resource/東京都大島町,大島町,6300410,東京都大島町元町北の山270,34.782519,139.363327,,,,地方管理空港,https://linkingopendata.com/local/東北地方,東北地方,OIM,RJTO,https://www.kouwan.metro.tokyo.lg.jp/rito/tmg-airport/oshima/,1800,m,
https://linkingopendata.com/airport/?RJAN,新島空港,,Niijima Airport,https://imilite.org/施設型,日本の東京都新島村にある空港,Q2248108,https://www.wikidata.org/wiki/Q2248108,https://ja.wikipedia.org/wiki/新島空港,空港,東京都港湾局,http://ja.dbpedia.org/page/新島空港,日本,JPN,Q17,https://geonames.jp/resource/東京都,東京都,https://geonames.jp/resource/東京都新島村,新島村,8533839,東京都新島村字川原,34.371048,139.262323,,,,地方管理空港,https://linkingopendata.com/local/伊豆諸島,伊豆諸島,,RJAN,https://www.kouwan.metro.tokyo.lg.jp/rito/tmg-airport/niijima/,800,m,
https://linkingopendata.com/airport/?RJAZ,神津島空港,,Kouzushima Airport,https://imilite.org/施設型,日本の東京都神津島村にある空港,Q2235009,https://www.wikidata.org/wiki/Q2235009,https://ja.wikipedia.org/wiki/神津島空港,空港,東京都港湾局,http://ja.dbpedia.org/page/神津島空港,日本,JPN,Q17,https://geonames.jp/resource/東京都,東京都,https://geonames.jp/resource/東京都神津島村,神津島村,8533873,東京都神津島村字金長,34.190601,139.139377,,,,地方管理空港,https://linkingopendata.com/local/伊豆諸島,伊豆諸島,,RJAZ,https://www.kouwan.metro.tokyo.lg.jp/rito/tmg-airport/kozushima/,800,m,
https://linkingopendata.com/airport/?RJTQ,三宅島空港,,Miyakejima Airport,https://imilite.org/施設型,日本の東京都三宅村にある空港,Q2234528,https://www.wikidata.org/wiki/Q2234528,https://ja.wikipedia.org/wiki/三宅島空港,空港,東京都港湾局,http://ja.dbpedia.org/page/三宅島空港,日本,JPN,Q17,https://geonames.jp/resource/東京都,東京都,https://geonames.jp/resource/東京都三宅村,三宅村,6300411,東京都三宅村坪田三宅島1378番地,34.071992,139.558504,,,,地方管理空港,https://linkingopendata.com/local/伊豆諸島,伊豆諸島,MYE,RJTQ,https://www.kouwan.metro.tokyo.lg.jp/rito/tmg-airport/miyakejima/,1200,m,
https://linkingopendata.com/airport/?RJTH,八丈島空港,,Hachijojima Airport,https://imilite.org/施設型,日本の東京都八丈町にある空港,Q2512004,https://www.wikidata.org/wiki/Q2512004,https://ja.wikipedia.org/wiki/八丈島空港,空港,東京都港湾局,http://ja.dbpedia.org/page/八丈島空港,日本,JPN,Q17,https://geonames.jp/resource/東京都,東京都,https://geonames.jp/resource/東京都八丈町,八丈町,6300407,東京都八丈島八丈町大賀郷2839-2,33.116616,139.783726,,,,地方管理空港,https://linkingopendata.com/local/伊豆諸島,伊豆諸島,HAC,RJTH,http://hachijoapo.net/,2000,m,
https://linkingopendata.com/airport/?RJSD,佐渡空港,,Sado Airport,https://imilite.org/施設型,日本の新潟県にある空港,Q1019284,https://www.wikidata.org/wiki/Q1019284,https://ja.wikipedia.org/wiki/佐渡空港,空港,新潟県,http://ja.dbpedia.org/page/佐渡空港,日本,JPN,Q17,https://geonames.jp/resource/新潟県,新潟県,https://geonames.jp/resource/新潟県佐渡市,佐渡市,6300390,新潟県佐渡市秋津1814-3,38.062306,138.408531,,,,地方管理空港,https://linkingopendata.com/local/中部地方,中部地方,SDS,RJSD,https://www.pref.niigata.lg.jp/sec/sado_seibi/1204045245988.html,890,m,
https://linkingopendata.com/airport/?RJAF,松本空港,信州まつもと空港,Matsumoto Airport,https://imilite.org/施設型,日本の長野県にある空港,Q652331,https://www.wikidata.org/wiki/Q652331,https://ja.wikipedia.org/wiki/松本空港,空港,長野県,http://ja.dbpedia.org/page/松本空港,日本,JPN,Q17,https://geonames.jp/resource/長野県,長野県,https://geonames.jp/resource/長野県松本市,松本市,6300308,長野県松本市大字空港東8909番地,36.164674,137.92636,,,,地方管理空港,https://linkingopendata.com/local/中部地方,中部地方,MMJ,RJAF,http://www.matsumoto-airport.co.jp/,2000,m,
https://linkingopendata.com/airport/?RJNS,静岡空港,富士山静岡空港|しずおか空港,Shizuoka Airport,https://imilite.org/施設型,日本の静岡県にある空港,Q1209993,https://www.wikidata.org/wiki/Q1209993,https://ja.wikipedia.org/wiki/静岡空港,空港,静岡県,http://ja.dbpedia.org/page/静岡空港,日本,JPN,Q17,https://geonames.jp/resource/静岡県,静岡県,https://geonames.jp/resource/静岡県牧之原市,牧之原市,7910179,静岡県牧之原市坂口3336-4,34.795366,138.179232,,,,地方管理空港,https://linkingopendata.com/local/中部地方,中部地方,FSZ,RJNS,http://www.mtfuji-shizuokaairport.jp/,2500,m,
https://linkingopendata.com/airport/?RJNT,富山空港,富山きときと空港,Toyama Airport,https://imilite.org/施設型,日本の富山県にある空港,Q1191625,https://www.wikidata.org/wiki/Q1191625,https://ja.wikipedia.org/wiki/富山空港,空港,富山県,http://ja.dbpedia.org/page/富山空港,日本,JPN,Q17,https://geonames.jp/resource/富山県,富山県,https://geonames.jp/resource/富山県富山市,富山市,6300369,富山県富山市秋ｹ島30,36.643827,137.189503,,,,地方管理空港,https://linkingopendata.com/local/中部地方,中部地方,TOY,RJNT,https://www.toyama-airport.co.jp/,2000,m,
https://linkingopendata.com/airport/?RJNW,能登空港,のと里山空港|道の駅のと里山空港,Noto Airport,https://imilite.org/施設型,日本の石川県にある空港・道の駅,Q1432192,https://www.wikidata.org/wiki/Q1432192,https://ja.wikipedia.org/wiki/能登空港,空港,石川県,http://ja.dbpedia.org/page/能登空港,日本,JPN,Q17,https://geonames.jp/resource/石川県,石川県,https://geonames.jp/resource/石川県輪島市,輪島市,7668415,石川県輪島市三井町洲衛10-11-1,37.295041,136.957128,,,,地方管理空港,https://linkingopendata.com/local/中部地方,中部地方,NTQ,RJNW,https://www.noto-airport.jp/,2000,m,
https://linkingopendata.com/airport/?RJNF,福井空港,,Fukui Airport,https://imilite.org/施設型,日本の福井県にある空港,Q3273365,https://www.wikidata.org/wiki/Q3273365,https://ja.wikipedia.org/wiki/福井空港,空港,福井県,http://ja.dbpedia.org/page/福井空港,日本,JPN,Q17,https://geonames.jp/resource/福井県,福井県,https://geonames.jp/resource/福井県坂井市,坂井市,6300364,福井県坂井市春江町江留中50-1-2,36.140069,136.221985,,,,地方管理空港,https://linkingopendata.com/local/中部地方,中部地方,,RJNF,https://www.pref.fukui.lg.jp/doc/fukui-airport/,1200,m,
https://linkingopendata.com/airport/?RJBE,神戸空港,マリンエア,Kobe Airport,https://imilite.org/施設型,日本の兵庫県にある空港,Q741372,https://www.wikidata.org/wiki/Q741372,https://ja.wikipedia.org/wiki/神戸空港,空港,関西エアポート神戸,http://ja.dbpedia.org/page/神戸空港,日本,JPN,Q17,https://geonames.jp/resource/兵庫県,兵庫県,https://geonames.jp/resource/兵庫県神戸市,神戸市,6698195,兵庫県神戸市中央区神戸空港1,34.636718,135.228773,,,,地方管理空港,https://linkingopendata.com/local/近畿地方,近畿地方,UKB,RJBE,https://www.kairport.co.jp/,2500,m,
https://linkingopendata.com/airport/?RJBD,南紀白浜空港,白浜空港,Nanki-Shirahama Airport,https://imilite.org/施設型,日本の和歌山県西牟婁郡白浜町にある地方管理空港,Q1064050,https://www.wikidata.org/wiki/Q1064050,https://ja.wikipedia.org/wiki/南紀白浜空港,空港,和歌山県,http://ja.dbpedia.org/page/南紀白浜空港,日本,JPN,Q17,https://geonames.jp/resource/和歌山県,和歌山県,https://geonames.jp/resource/和歌山県白浜町,白浜町,6300317,和歌山県西牟婁郡白浜町才野1622-125,33.661802,135.360964,,,,地方管理空港,https://linkingopendata.com/local/近畿地方,近畿地方,SHM,RJBD,http://shirahama-airport.jp/,2000,m,
https://linkingopendata.com/airport/?RJOR,鳥取空港,鳥取砂丘コナン空港,Tottori Airport,https://imilite.org/施設型,日本の鳥取県にある空港,Q1433078,https://www.wikidata.org/wiki/Q1433078,https://ja.wikipedia.org/wiki/鳥取空港,空港,鳥取県,http://ja.dbpedia.org/page/鳥取空港,日本,JPN,Q17,https://geonames.jp/resource/鳥取県,鳥取県,https://geonames.jp/resource/鳥取県鳥取市,鳥取市,6300382,鳥取県鳥取市湖山町西4-110-5,35.526633,134.167719,,,,地方管理空港,https://linkingopendata.com/local/中国地方,中国地方,TTJ,RJOR,https://www.ttj-ap-bld.co.jp/,2000,m,
https://linkingopendata.com/airport/?RJNO,隠岐空港,隠岐世界ジオパーク空港,Oki Airport,https://imilite.org/施設型,日本の島根県にある空港,Q1148447,https://www.wikidata.org/wiki/Q1148447,https://ja.wikipedia.org/wiki/隠岐空港,空港,島根県,http://ja.dbpedia.org/page/隠岐空港,日本,JPN,Q17,https://geonames.jp/resource/島根県,島根県,https://geonames.jp/resource/島根県隠岐ノ島町,隠岐ノ島町,6300368,島根県隠岐郡隠岐ノ島町岬町1889-12,36.177773,133.330025,,,,地方管理空港,https://linkingopendata.com/local/中国地方,中国地方,OKI,RJNO,http://www.oki-airport.jp/,2000,m,
https://linkingopendata.com/airport/?RJOC,出雲空港,出雲縁結び空港,Izumo Airport,https://imilite.org/施設型,日本の島根県にある空港,Q1139412,https://www.wikidata.org/wiki/Q1139412,https://ja.wikipedia.org/wiki/出雲空港,空港,島根県,http://ja.dbpedia.org/page/出雲空港,日本,JPN,Q17,https://geonames.jp/resource/島根県,島根県,https://geonames.jp/resource/島根県出雲市,出雲市,6300373,島根県出雲市斐川町沖洲2633-1,35.414531,132.885711,,,,地方管理空港,https://linkingopendata.com/local/中国地方,中国地方,IZO,RJOC,http://www.izumo-airport.co.jp/,2000,m,
https://linkingopendata.com/airport/?RJOW,石見空港,萩・石見空港,Iwami Airport,https://imilite.org/施設型,日本の島根県にある空港,Q1431559,https://www.wikidata.org/wiki/Q1431559,https://ja.wikipedia.org/wiki/石見空港,空港,島根県,http://ja.dbpedia.org/page/石見空港,日本,JPN,Q17,https://geonames.jp/resource/島根県,島根県,https://geonames.jp/resource/島根県益田市,益田市,6300385,島根県益田市内田町イ597,34.678151,131.797499,,,,地方管理空港,https://linkingopendata.com/local/中国地方,中国地方,IWJ,RJOW,http://hagiiwami.jp/,2000,m,
https://linkingopendata.com/airport/?RJOB,岡山空港,岡山桃太郎空港,Okayama Airport,https://imilite.org/施設型,日本の岡山県にある空港,Q1322391,https://www.wikidata.org/wiki/Q1322391,https://ja.wikipedia.org/wiki/岡山空港,空港,岡山県,http://ja.dbpedia.org/page/岡山空港,日本,JPN,Q17,https://geonames.jp/resource/岡山県,岡山県,https://geonames.jp/resource/岡山県岡山市,岡山市,6300372,岡山県岡山市北区日応寺1277,34.760695,133.854376,,,,地方管理空港,https://linkingopendata.com/local/中国地方,中国地方,OKJ,RJOB,https://www.okayama-airport.org/,3000,m,
https://linkingopendata.com/airport/?RJSF,佐賀空港,九州佐賀国際空港|有明佐賀空港,Saga Airport,https://imilite.org/施設型,日本の佐賀県にある空港,Q1366663,https://www.wikidata.org/wiki/Q1366663,https://ja.wikipedia.org/wiki/佐賀空港,空港,佐賀県,http://ja.dbpedia.org/page/佐賀空港,日本,JPN,Q17,https://geonames.jp/resource/佐賀県,佐賀県,https://geonames.jp/resource/佐賀県佐賀市,佐賀市,6300353,佐賀県佐賀市川副町大字犬井道9476-187,33.153521,130.302609,,,,地方管理空港,https://linkingopendata.com/local/九州地方,九州地方,HSG,RJSF,https://www.pref.saga.lg.jp/airport/,2000,m,
https://linkingopendata.com/airport/?RJDT,対馬空港,対馬やまねこ空港,Tsushima Airport,https://imilite.org/施設型,日本の長崎県にある空港,Q1134491,https://www.wikidata.org/wiki/Q1134491,https://ja.wikipedia.org/wiki/対馬空港,空港,長崎県,http://ja.dbpedia.org/page/対馬空港,日本,JPN,Q17,https://geonames.jp/resource/長崎県,長崎県,https://geonames.jp/resource/長崎県対馬市,対馬市,6300338,長崎県対馬市美津島町鶏知乙283,34.285905,129.326163,,,,地方管理空港,https://linkingopendata.com/local/九州地方,九州地方,TSJ,RJDT,https://tsushima-airport.co.jp/,1900,m,
https://linkingopendata.com/airport/?RJDO,小値賀空港,,Ojika Airport,https://imilite.org/施設型,日本の長崎県小値賀町にある空港,Q1018757,https://www.wikidata.org/wiki/Q1018757,https://ja.wikipedia.org/wiki/小値賀空港,空港,長崎県,http://ja.dbpedia.org/page/小値賀空港,日本,JPN,Q17,https://geonames.jp/resource/長崎県,長崎県,https://geonames.jp/resource/長崎県小値賀町,小値賀町,6300337,長崎県北松浦郡小値賀町前方郷,33.206224,129.079669,,,,地方管理空港,https://linkingopendata.com/local/九州地方,九州地方,,RJDO,https://web.archive.org/web/20090210201920/http://www.ojika.net/town/kukou/,800,m,
https://linkingopendata.com/airport/?RJFE,福江空港,五島福江空港|五島つばき空港,Fukue Airport,https://imilite.org/施設型,日本の長崎県五島市にある空港,Q1431393,https://www.wikidata.org/wiki/Q1431393,https://ja.wikipedia.org/wiki/福江空港,空港,長崎県,http://ja.dbpedia.org/page/福江空港,日本,JPN,Q17,https://geonames.jp/resource/長崎県,長崎県,https://geonames.jp/resource/長崎県五島市,五島市,6300345,長崎県五島市上大津町2183,32.668266,128.837405,,,,地方管理空港,https://linkingopendata.com/local/九州地方,九州地方,FUJ,RJFE,https://www.fukuekuko.jp/,2000,m,
https://linkingopendata.com/airport/?RJDK,上五島空港,,Kami-Goto Airport,https://imilite.org/施設型,日本の長崎県新上五島町にある空港,Q3276359,https://www.wikidata.org/wiki/Q3276359,https://ja.wikipedia.org/wiki/上五島空港,空港,長崎県,http://ja.dbpedia.org/page/上五島空港,日本,JPN,Q17,https://geonames.jp/resource/長崎県,長崎県,https://geonames.jp/resource/長崎県新上五島町,新上五島町,6300335,長崎県南松浦郡新上五島町友住郷744,33.011197,129.191523,,,,地方管理空港,https://linkingopendata.com/local/九州地方,九州地方,,RJDK,https://ocab.mlit.go.jp/about/jurisdiction/kamigotou/,800,m,
https://linkingopendata.com/airport/?RJDB,壱岐空港,,Iki Airport,https://imilite.org/施設型,日本の長崎県にある空港,Q1038664,https://www.wikidata.org/wiki/Q1038664,https://ja.wikipedia.org/wiki/壱岐空港,空港,長崎県,http://ja.dbpedia.org/page/壱岐空港,日本,JPN,Q17,https://geonames.jp/resource/長崎県,長崎県,https://geonames.jp/resource/長崎県壱岐市,壱岐市,6300333,長崎県壱岐市石田町筒城東触1725,33.750243,129.784042,,,,地方管理空港,https://linkingopendata.com/local/九州地方,九州地方,IKI,RJDB,https://www.ana.co.jp/ja/jp/domestic/departure/airport/map/iki.html,1200,m,
https://linkingopendata.com/airport/?RJFG,種子島空港,コスモポート種子島|新種子島空港,Tanegashima Airport,https://imilite.org/施設型,日本の鹿児島県にある空港。新種子島空港。2006年開港。,Q1432159,https://www.wikidata.org/wiki/Q1432159,https://ja.wikipedia.org/wiki/種子島空港,空港,鹿児島県,http://ja.dbpedia.org/page/種子島空港,日本,JPN,Q17,https://geonames.jp/resource/鹿児島県,鹿児島県,https://geonames.jp/resource/鹿児島県中種子町,中種子町,6300347,鹿児島県熊毛郡中種子町増田2692-64,30.609092,130.991708,,,,地方管理空港,https://linkingopendata.com/local/九州地方,九州地方,TNE,RJFG,http://www.pref.kagoshima.jp/ah09/infra/port/kuko/tanegashima-.html,2000,m,
https://linkingopendata.com/airport/?RJFC,屋久島空港,,Yakushima Airport,https://imilite.org/施設型,日本の鹿児島県屋久島町にある空港,Q1433247,https://www.wikidata.org/wiki/Q1433247,https://ja.wikipedia.org/wiki/屋久島空港,空港,鹿児島県,http://ja.dbpedia.org/page/屋久島空港,日本,JPN,Q17,https://geonames.jp/resource/鹿児島県,鹿児島県,https://geonames.jp/resource/鹿児島県屋久島町,屋久島町,6300344,鹿児島県熊毛郡屋久島町小瀬田501,30.383373,130.658932,,,,地方管理空港,https://linkingopendata.com/local/九州地方,九州地方,KUM,RJFC,http://www.pref.kagoshima.jp/ah09/infra/port/kuko/yakushima.html,1500,m,
https://linkingopendata.com/airport/?RJKA,奄美空港,奄美大島空港,Amami Airport,https://imilite.org/施設型,日本の鹿児島県奄美市にある空港,Q1430769,https://www.wikidata.org/wiki/Q1430769,https://ja.wikipedia.org/wiki/奄美空港,空港,鹿児島県,http://ja.dbpedia.org/page/奄美空港,日本,JPN,Q17,https://geonames.jp/resource/鹿児島県,鹿児島県,https://geonames.jp/resource/鹿児島県奄美市,奄美市,6300360,鹿児島県奄美市笠利町大字和野字長濱金久374番4,28.4308333,129.7125,,,,地方管理空港,https://linkingopendata.com/local/九州地方,九州地方,ASJ,RJKA,https://amami-airport.co.jp/,2000,m,
https://linkingopendata.com/airport/?RJKI,喜界空港,喜界島空港,Kikai Airport,https://imilite.org/施設型,日本の鹿児島県喜界町にある空港,Q1927346,https://www.wikidata.org/wiki/Q1927346,https://ja.wikipedia.org/wiki/喜界空港,空港,鹿児島県,http://ja.dbpedia.org/page/喜界空港,日本,JPN,Q17,https://geonames.jp/resource/鹿児島県,鹿児島県,https://geonames.jp/resource/鹿児島県喜界町,喜界町,6300362,鹿児島県大島郡喜界町中里字西牧201-9,28.3197119,129.9254112,,,,地方管理空港,https://linkingopendata.com/local/九州地方,九州地方,KKX,RJKI,http://www.pref.kagoshima.jp/ah09/infra/port/kuko/kikai.html,1200,m,
https://linkingopendata.com/airport/?RJKN,徳之島空港,徳之島子宝空港,Tokunoshima Airport,https://imilite.org/施設型,日本の鹿児島県天城町にある空港,Q1141847,https://www.wikidata.org/wiki/Q1141847,https://ja.wikipedia.org/wiki/徳之島空港,空港,鹿児島県,http://ja.dbpedia.org/page/徳之島空港,日本,JPN,Q17,https://geonames.jp/resource/鹿児島県,鹿児島県,https://geonames.jp/resource/鹿児島県天城町,天城町,6300363,鹿児島県大島郡天城町浅間1-1,27.831282,128.88278,,,,地方管理空港,https://linkingopendata.com/local/九州地方,九州地方,TKN,RJKN,http://www.pref.kagoshima.jp/ah09/infra/port/kuko/tokunoshima.html,2000,m,
https://linkingopendata.com/airport/?RJKB,沖永良部空港,えらぶゆりの島空港,Okinoerabu Airport,https://imilite.org/施設型,日本の鹿児島県和泊町にある空港,Q2901234,https://www.wikidata.org/wiki/Q2901234,https://ja.wikipedia.org/wiki/沖永良部空港,空港,鹿児島県,http://ja.dbpedia.org/page/沖永良部空港,日本,JPN,Q17,https://geonames.jp/resource/鹿児島県,鹿児島県,https://geonames.jp/resource/鹿児島県和泊町,和泊町,6300361,鹿児島県大島郡和泊町国頭1732-3,27.4331876,128.70239,,,,地方管理空港,https://linkingopendata.com/local/九州地方,九州地方,OKE,RJKB,http://www.pref.kagoshima.jp/ah09/infra/port/kuko/okinoerabu.html,1350,m,
https://linkingopendata.com/airport/?RJRY,与論空港,,Yoron Airport,https://imilite.org/施設型,日本の鹿児島県与論町にある空港,Q1927310,https://www.wikidata.org/wiki/Q1927310,https://ja.wikipedia.org/wiki/与論空港,空港,鹿児島県,http://ja.dbpedia.org/page/与論空港,日本,JPN,Q17,https://geonames.jp/resource/鹿児島県,鹿児島県,https://geonames.jp/resource/鹿児島県与論町,与論町,6300469,鹿児島県大島郡与論町立長,27.045732,128.413307,,,,地方管理空港,https://linkingopendata.com/local/九州地方,九州地方,RNJ,RJRY,http://www.pref.kagoshima.jp/ah09/infra/port/kuko/okinoerabu.html,1200,m,
https://linkingopendata.com/airport/?RORY,粟国空港,,Aguni Airport,https://imilite.org/施設型,日本の沖縄県粟国村にある空港,Q252768,https://www.wikidata.org/wiki/Q252768,https://ja.wikipedia.org/wiki/粟国空港,空港,沖縄県,http://ja.dbpedia.org/page/粟国空港,日本,JPN,Q17,https://geonames.jp/resource/沖縄県,沖縄県,https://geonames.jp/resource/沖縄県粟国村,粟国村,6300465,沖縄県島尻郡粟国村浜4550,26.592802,127.239383,,,,地方管理空港,https://linkingopendata.com/local/沖縄地方,沖縄地方,AGJ,RORY,https://www.pref.okinawa.jp/airport/index/ag/aguni00.htm,800,m,
https://linkingopendata.com/airport/?ROKJ,久米島空港,,Kumejima Airport,https://imilite.org/施設型,日本の沖縄県久米島町にある空港,Q3235075,https://www.wikidata.org/wiki/Q3235075,https://ja.wikipedia.org/wiki/久米島空港,空港,沖縄県,http://ja.dbpedia.org/page/久米島空港,日本,JPN,Q17,https://geonames.jp/resource/沖縄県,沖縄県,https://geonames.jp/resource/沖縄県久米島町,久米島町,6300462,沖縄県島尻郡久米島町字北原566-2,26.364903,126.717536,,,,地方管理空港,https://linkingopendata.com/local/沖縄地方,沖縄地方,UEO,ROKJ,http://kumejima-airport.co.jp/,2000,m,
https://linkingopendata.com/airport/?RORE,慶良間空港,,Kerama Airport,https://imilite.org/施設型,日本の沖縄県座間味村にある空港,Q3273378,https://www.wikidata.org/wiki/Q3273378,https://ja.wikipedia.org/wiki/慶良間空港,空港,沖縄県,http://ja.dbpedia.org/page/慶良間空港,日本,JPN,Q17,https://geonames.jp/resource/沖縄県,沖縄県,https://geonames.jp/resource/沖縄県座間味村,座間味村,7668420,沖縄県島尻郡座間味村慶留間,26.176589,127.292228,,,,地方管理空港,https://linkingopendata.com/local/沖縄地方,沖縄地方,KJP,RORE,https://www.pref.okinawa.jp/airport/index/kr/kerama00.htm,800,m,
https://linkingopendata.com/airport/?ROMD,南大東空港,,Minami-Daito Airport,https://imilite.org/施設型,日本の沖縄県南大東村にある空港,Q1057877,https://www.wikidata.org/wiki/Q1057877,https://ja.wikipedia.org/wiki/南大東空港,空港,沖縄県,http://ja.dbpedia.org/page/南大東空港,日本,JPN,Q17,https://geonames.jp/resource/沖縄県,沖縄県,https://geonames.jp/resource/沖縄県南大東村,南大東村,6300463,沖縄県南大東村旧東258,25.846023,131.265488,,,,地方管理空港,https://linkingopendata.com/local/沖縄地方,沖縄地方,MMD,ROMD,https://www.pref.okinawa.jp/airport/index/mn/minamidaito00.htm,1500,m,
https://linkingopendata.com/airport/?RORK,北大東空港,,Kitadaito Airport,https://imilite.org/施設型,日本の沖縄県北大東村にある空港,Q1930831,https://www.wikidata.org/wiki/Q1930831,https://ja.wikipedia.org/wiki/北大東空港,空港,沖縄県,http://ja.dbpedia.org/page/北大東空港,日本,JPN,Q17,https://geonames.jp/resource/沖縄県,沖縄県,https://geonames.jp/resource/沖縄県北大東村,北大東村,6301843,沖縄県島尻郡北大東村南19-16,25.944687,131.324461,,,,地方管理空港,https://linkingopendata.com/local/沖縄地方,沖縄地方,KTD,RORK,https://www.pref.okinawa.jp/airport/index/kt/kitadaito00.htm,1500,m,
https://linkingopendata.com/airport/?RJRE,伊江島空港,,Iejima Airport,https://imilite.org/施設型,日本の沖縄県伊江村にある空港,Q1368593,https://www.wikidata.org/wiki/Q1368593,https://ja.wikipedia.org/wiki/伊江島空港,空港,沖縄県,http://ja.dbpedia.org/page/伊江島空港,日本,JPN,Q17,https://geonames.jp/resource/沖縄県,沖縄県,https://geonames.jp/resource/沖縄県伊江村,伊江村,6300459,沖縄県国頭郡伊江村字東江前38,26.713491,127.807017,,,,地方管理空港,https://linkingopendata.com/local/沖縄地方,沖縄地方,,RJRE,https://www.pref.okinawa.jp/airport/index/ie/iejima00.htm,1500,m,
https://linkingopendata.com/airport/?ROMY,宮古空港,,Miyako Airport,https://imilite.org/施設型,日本の沖縄県宮古島市にある空港,Q116725,https://www.wikidata.org/wiki/Q116725,https://ja.wikipedia.org/wiki/宮古空港,空港,沖縄県,http://ja.dbpedia.org/page/宮古空港,日本,JPN,Q17,https://geonames.jp/resource/沖縄県,沖縄県,https://geonames.jp/resource/沖縄県宮古島市,宮古島市,6300464,沖縄県宮古島市平良下里1657番地128,24.779484,125.2974,,,,地方管理空港,https://linkingopendata.com/local/沖縄地方,沖縄地方,MMY,ROMY,http://miyakoap.co.jp/,2000,m,
https://linkingopendata.com/airport/?RORS,下地島空港,みやこ下地島空港ターミナル,Shimojishima Airport,https://imilite.org/施設型,日本の沖縄県宮古島市の下地島にある地方管理空港,Q654922,https://www.wikidata.org/wiki/Q654922,https://ja.wikipedia.org/wiki/下地島空港,空港,沖縄県,http://ja.dbpedia.org/page/下地島空港,日本,JPN,Q17,https://geonames.jp/resource/沖縄県,沖縄県,https://geonames.jp/resource/沖縄県宮古島市,宮古島市,6300467,沖縄県宮古島市伊良部佐和田1727,24.825873,125.150231,,,,地方管理空港,https://linkingopendata.com/local/沖縄地方,沖縄地方,SHI,RORS,https://shimojishima.jp/,3000,m,
https://linkingopendata.com/airport/?RORT,多良間空港,かりゆす多良間空港,Tarama Airport,https://imilite.org/施設型,日本の沖縄県多良間村にある空港,Q2233042,https://www.wikidata.org/wiki/Q2233042,https://ja.wikipedia.org/wiki/多良間空港,空港,沖縄県,http://ja.dbpedia.org/page/多良間空港,日本,JPN,Q17,https://geonames.jp/resource/沖縄県,沖縄県,https://geonames.jp/resource/沖縄県多良間村,多良間村,6300468,沖縄県宮古郡多良間村仲筋2351-7,24.653942,124.677557,,,,地方管理空港,https://linkingopendata.com/local/沖縄地方,沖縄地方,TRA,RORT,https://www.pref.okinawa.jp/airport/index/tr/tarama00.htm,1500,m,
https://linkingopendata.com/airport/?ROIG,新石垣空港,南ぬ島石垣空港|石垣空港,New Ishigaki Airport,https://imilite.org/施設型,日本の沖縄県石垣市にある空港,Q11434817,https://www.wikidata.org/wiki/Q11434817,https://ja.wikipedia.org/wiki/新石垣空港,空港,沖縄県,http://ja.dbpedia.org/page/新石垣空港,日本,JPN,Q17,https://geonames.jp/resource/沖縄県,沖縄県,https://geonames.jp/resource/沖縄県石垣市,石垣市,9036021,沖縄県石垣市白保1960-104-1,24.391097,124.245971,,,,地方管理空港,https://linkingopendata.com/local/沖縄地方,沖縄地方,ISG,ROIG,https://www.ishigaki-airport.co.jp/,2000,m,
https://linkingopendata.com/airport/?RORH,波照間空港,,Hateruma Airport,https://imilite.org/施設型,日本の沖縄県竹富町にある空港,Q713881,https://www.wikidata.org/wiki/Q713881,https://ja.wikipedia.org/wiki/波照間空港,空港,沖縄県,http://ja.dbpedia.org/page/波照間空港,日本,JPN,Q17,https://geonames.jp/resource/沖縄県,沖縄県,https://geonames.jp/resource/沖縄県竹富町,竹富町,6300466,沖縄県八重山郡竹富町,24.27325,123.880104,,,,地方管理空港,https://linkingopendata.com/local/沖縄地方,沖縄地方,HTR,RORH,https://www.pref.okinawa.jp/airport/index/ht/hateruma00.htm,800,m,
https://linkingopendata.com/airport/?ROYN,与那国空港,,Yonaguni Airport,https://imilite.org/施設型,日本の沖縄県にある空港,Q708517,https://www.wikidata.org/wiki/Q708517,https://ja.wikipedia.org/wiki/与那国空港,空港,沖縄県,http://ja.dbpedia.org/page/与那国空港,日本,JPN,Q17,https://geonames.jp/resource/沖縄県,沖縄県,https://geonames.jp/resource/沖縄県与那国町,与那国町,6300470,沖縄県八重山郡与那国町与那国4350,24.465316,122.98001,,,,地方管理空港,https://linkingopendata.com/local/沖縄地方,沖縄地方,OGN,ROYN,https://www.pref.okinawa.jp/airport/index/yn/yonaguni00.htm,2000,m,
https://linkingopendata.com/airport/?RJTF,調布飛行場,東京都調布飛行場|調布空港,Chofu Airport,https://imilite.org/施設型,日本の沖縄県与那国町にある空港,Q970339,https://www.wikidata.org/wiki/Q970339,https://ja.wikipedia.org/wiki/調布飛行場,飛行場,東京都港湾局,http://ja.dbpedia.org/page/調布飛行場,日本,JPN,Q17,https://geonames.jp/resource/東京都,東京都,https://geonames.jp/resource/東京都調布市,調布市,6300406,東京都調布市西町290-3,35.667548,139.525696,,,,その他の空港,https://linkingopendata.com/local/関東地方,関東地方,,RJTF,https://www.central-air.co.jp/access.html#ank01,800,m,
https://linkingopendata.com/airport/?RJNA,名古屋飛行場,県営名古屋空港|愛知県営空港|小牧空港,Nagoya Airfield,https://imilite.org/施設型,日本の愛知県西春日井郡豊山町にある飛行場,Q1322497,https://www.wikidata.org/wiki/Q1322497,https://ja.wikipedia.org/wiki/名古屋飛行場,飛行場,愛知県,http://ja.dbpedia.org/page/名古屋飛行場,日本,JPN,Q17,https://geonames.jp/resource/愛知県,愛知県,https://geonames.jp/resource/愛知県豊山町,豊山町,6301826,愛知県西春日井郡豊山町大字豊場,35.242505,136.914359,,,,その他の空港,https://linkingopendata.com/local/中部地方,中部地方,NKM,RJNA,https://nagoya-airport.jp/,2740,m,
https://linkingopendata.com/airport/?RJBT,但馬飛行場,但馬空港|コウノトリ但馬空港,Tajima Airfield,https://imilite.org/施設型,日本の兵庫県豊岡市にある飛行場,Q1931194,https://www.wikidata.org/wiki/Q1931194,https://ja.wikipedia.org/wiki/但馬飛行場,飛行場,但馬空港ターミナル株式会社,http://ja.dbpedia.org/page/但馬飛行場,日本,JPN,Q17,https://geonames.jp/resource/兵庫県,兵庫県,https://geonames.jp/resource/兵庫県豊岡市,豊岡市,6300319,兵庫県豊岡市岩井字河谷1598-34,35.5162542,134.787167,,,,その他の空港,https://linkingopendata.com/local/近畿地方,近畿地方,TKG,RJBT,http://www.tajima-airport.jp/,1200,m,
https://linkingopendata.com/airport/?RJBK,岡南飛行場,,Kounan Airport,https://imilite.org/施設型,日本の岡山県岡山市にある飛行場,Q1019300,https://www.wikidata.org/wiki/Q1019300,https://ja.wikipedia.org/wiki/岡南飛行場,飛行場,岡南飛行場管理運用共同事業体,http://ja.dbpedia.org/page/岡南飛行場,日本,JPN,Q17,https://geonames.jp/resource/岡山県,岡山県,https://geonames.jp/resource/岡山県岡山市,岡山市,8555684,岡山県岡山市南区浦安南町640,34.592758,133.928727,,,,その他の空港,https://linkingopendata.com/local/中国地方,中国地方,,RJBK,https://www.pref.okayama.jp/soshiki/182/,1200,m,
https://linkingopendata.com/airport/?RJDA,天草飛行場,天草空港,Amakusa Airfield,https://imilite.org/施設型,日本の熊本県天草市にある空港,Q1073798,https://www.wikidata.org/wiki/Q1073798,https://ja.wikipedia.org/wiki/天草飛行場,飛行場,熊本県,http://ja.dbpedia.org/page/天草飛行場,日本,JPN,Q17,https://geonames.jp/resource/熊本県,熊本県,https://geonames.jp/resource/熊本県天草市,天草市,8520859,熊本県天草市五和町城河原1丁目2080-5,32.482774,130.155392,,,,その他の空港,https://linkingopendata.com/local/九州地方,九州地方,,RJDA,https://www.pref.kumamoto.jp/kiji_1964.html,1000,m,
https://linkingopendata.com/airport/?ROIT,大分県央飛行場,大分県央空港,Oita kenou Airfield,https://imilite.org/施設型,日本の大分県豊後大野市にある飛行場,Q10933743,https://www.wikidata.org/wiki/Q10933743,https://ja.wikipedia.org/wiki/大分県央飛行場,飛行場,大分県,http://ja.dbpedia.org/page/大分県央飛行場,日本,JPN,Q17,https://geonames.jp/resource/大分県,大分県,https://geonames.jp/resource/大分県豊後大野市,豊後大野市,,大分県豊後大野市大野町田代2592-2,33.028123,131.501928,,,,その他の空港,https://linkingopendata.com/local/九州地方,九州地方,,ROIT,https://www.pref.oita.jp/site/kenou/,800,m,
https://linkingopendata.com/airport/?RJOY,八尾空港,大正飛行場|八尾飛行場,Yao Airport,https://imilite.org/施設型,日本の大阪府八尾市にある空港,Q1366065,https://www.wikidata.org/wiki/Q1366065,https://ja.wikipedia.org/wiki/八尾空港,飛行場,国土交通大臣,http://ja.dbpedia.org/page/八尾空港,日本,JPN,Q17,https://geonames.jp/resource/大阪府,大阪府,https://geonames.jp/resource/大阪府八尾市,八尾市,6300386,大阪府八尾市空港2丁目12,34.5979998,135.594072,,,,その他の空港,https://linkingopendata.com/local/近畿地方,近畿地方,,RJOY,https://www.dai1air.com/sightseeing_flight/osaka/,1490|1200,m,
https://linkingopendata.com/airport/?RJCO,札幌飛行場,丘珠空港|札幌丘珠空港|丘珠飛行場,Sapporo Airfield,https://imilite.org/施設型,日本の北海道札幌市にある空港,Q2902013,https://www.wikidata.org/wiki/Q2902013,https://ja.wikipedia.org/wiki/札幌飛行場,飛行場,陸上自衛隊,http://ja.dbpedia.org/page/札幌飛行場,日本,JPN,Q17,https://geonames.jp/resource/北海道,北海道,https://geonames.jp/resource/北海道札幌市,札幌市,6300327,北海道札幌市東区丘珠町,34.597708,135.592731,,,,共用空港,https://linkingopendata.com/local/北海道地方,北海道地方,OKD,RJCO,https://www.okadama-airport.co.jp/,1500,m,
https://linkingopendata.com/airport/?RJCJ,千歳飛行場,千歳基地,Chitose Airbase,https://imilite.org/施設型,日本の北海道千歳市にある航空自衛隊基地,Q3275012,https://www.wikidata.org/wiki/Q3275012,https://ja.wikipedia.org/wiki/千歳飛行場,飛行場,航空自衛隊,http://ja.dbpedia.org/page/千歳飛行場,日本,JPN,Q17,https://geonames.jp/resource/北海道,北海道,https://geonames.jp/resource/北海道千歳市,千歳市,6301825,北海道千歳市平和無番地,43.115503,141.396013,,,,共用空港,https://linkingopendata.com/local/北海道地方,北海道地方,,RJCJ,https://www.cab.mlit.go.jp/tcab/conditions/01_hokkaido/01_chitose.html,3000|2700,m,
https://linkingopendata.com/airport/?RJSM,三沢飛行場,三沢空港,Misawa Airbase,https://imilite.org/施設型,日本の青森県三沢市にある共用飛行場,Q1350451,https://www.wikidata.org/wiki/Q1350451,https://ja.wikipedia.org/wiki/三沢飛行場,飛行場,アメリカ空軍,http://ja.dbpedia.org/page/三沢飛行場,日本,JPN,Q17,https://geonames.jp/resource/青森県,青森県,https://geonames.jp/resource/青森県三沢市,三沢市,6300395,青森県三沢市三沢下沢,40.695388,141.38586,,,,共用空港,https://linkingopendata.com/local/東北地方,東北地方,MSJ,RJSM,https://misawa-airport.co.jp/,3050,m,
https://linkingopendata.com/airport/?RJAH,百里飛行場,茨城空港,Hyakuri Airbase,https://imilite.org/施設型,日本の茨城県小美玉市にある防衛省・航空自衛隊と民間が共用する飛行場,Q1156420,https://www.wikidata.org/wiki/Q1156420,https://ja.wikipedia.org/wiki/百里飛行場,飛行場,航空自衛隊,http://ja.dbpedia.org/page/百里飛行場,日本,JPN,Q17,https://geonames.jp/resource/茨城県,茨城県,https://geonames.jp/resource/茨城県小美玉市,小美玉市,6300309,茨城県小美玉市与沢1601-55,36.177872,140.407566,,,,共用空港,https://linkingopendata.com/local/関東地方,関東地方,IBR,RJAH,http://www.ibaraki-airport.net/,2700|2700,m,
https://linkingopendata.com/airport/?RJNK,小松飛行場,小松空港,Komatsu Airbase,https://imilite.org/施設型,日本の石川県小松市にある共用飛行場,Q1141511,https://www.wikidata.org/wiki/Q1141511,https://ja.wikipedia.org/wiki/小松飛行場,飛行場,航空自衛隊,http://ja.dbpedia.org/page/小松飛行場,日本,JPN,Q17,https://geonames.jp/resource/石川県,石川県,https://geonames.jp/resource/石川県小松市,小松市,6300367,石川県小松市浮柳町ヨ50,36.403686,136.418301,,,,共用空港,https://linkingopendata.com/local/中部地方,中部地方,KMQ,RJNK,https://www.komatsuairport.jp/,2700,m,
https://linkingopendata.com/airport/?RJOH,美保飛行場,米子空港|米子鬼太郎空港,Miho Airbase,https://imilite.org/施設型,日本の鳥取県境港市にある共用飛行場,Q1141913,https://www.wikidata.org/wiki/Q1141913,https://ja.wikipedia.org/wiki/美保飛行場,飛行場,航空自衛隊,http://ja.dbpedia.org/page/美保飛行場,日本,JPN,Q17,https://geonames.jp/resource/鳥取県,鳥取県,https://geonames.jp/resource/鳥取県境港市,境港市,6300376,鳥取県境港市佐斐神町1634,35.500609,133.245094,,,,共用空港,https://linkingopendata.com/local/中国地方,中国地方,YGJ,RJOH,https://www.yonago-air.com/,2500,m,
https://linkingopendata.com/airport/?RJOI,岩国飛行場,岩国錦帯橋空港|岩国航空基地|岩国基地,Iwakuni Airbase,https://imilite.org/施設型,日本の山口県岩国市にあるアメリカ海兵隊と海上自衛隊の基地,Q1030389,https://www.wikidata.org/wiki/Q1030389,https://ja.wikipedia.org/wiki/岩国飛行場,飛行場,アメリカ海兵隊,http://ja.dbpedia.org/page/岩国飛行場,日本,JPN,Q17,https://geonames.jp/resource/山口県,山口県,https://geonames.jp/resource/山口県岩国市,岩国市,6300377,山口県岩国市旭町3丁目15-1,34.15884,132.234885,,,,共用空港,https://linkingopendata.com/local/中国地方,中国地方,IWK,RJOI,http://www.iwakuni-airport.jp/,2440,m,
https://linkingopendata.com/airport/?RJOS,徳島飛行場,徳島空港|徳島阿波おどり空港,Tokushima Airbase,https://imilite.org/施設型,日本の徳島県にある飛行場,Q1142453,https://www.wikidata.org/wiki/Q1142453,https://ja.wikipedia.org/wiki/徳島飛行場,飛行場,海上自衛隊,http://ja.dbpedia.org/page/徳島飛行場,日本,JPN,Q17,https://geonames.jp/resource/徳島県,徳島県,https://geonames.jp/resource/徳島県松茂町,松茂町,6300383,徳島県板野郡松茂町豊久字朝日野16-2,34.134549,134.616419,,,,共用空港,https://linkingopendata.com/local/四国地方,四国地方,TKS,RJOS,https://www.tokushima-airport.co.jp/,2500,m,
https://linkingopendata.com/airport/?SKBA,鹿部飛行場,,Shikabe Airfield,https://imilite.org/施設型,日本の北海道茅部郡鹿部町にある飛行場,Q11677285,https://www.wikidata.org/wiki/Q11677285,https://ja.wikipedia.org/wiki/鹿部飛行場,飛行場,朝日航空,http://ja.dbpedia.org/page/鹿部飛行場,日本,JPN,Q17,https://geonames.jp/resource/北海道,北海道,https://geonames.jp/resource/北海道鹿部町,鹿部町,11357854,北海道茅部郡鹿部町字本別450-1,,,,,,非共用空港,https://linkingopendata.com/local/北海道地方,北海道地方,,なし,https://www.asahiair.com/shikabe/,890,m,
https://linkingopendata.com/airport/?AMIA,阿見飛行場,,Ami Airfield,https://imilite.org/施設型,かつて日本の茨城県阿見町にあった飛行場,Q11657675,https://www.wikidata.org/wiki/Q11657675,https://ja.wikipedia.org/wiki/阿見飛行場,飛行場,東京航空,http://ja.dbpedia.org/page/阿見飛行場,日本,JPN,Q17,https://geonames.jp/resource/茨城県,茨城県,https://geonames.jp/resource/茨城県阿見町,阿見町,,茨城県稲敷郡阿見町島津3440,,,,,,非共用空港,https://linkingopendata.com/local/関東地方,関東地方,,なし,https://www.ibarakiguide.jp/db-kanko/id-0800000002656.html,600,m,
https://linkingopendata.com/airport/?RGSA,龍ヶ崎飛行場,,Ryugasaki Airfield,https://imilite.org/施設型,日本の茨城県龍ケ崎市にある飛行場,Q1447375,https://www.wikidata.org/wiki/Q1447375,https://ja.wikipedia.org/wiki/龍ヶ崎飛行場,飛行場,新中央航空|川田工業,http://ja.dbpedia.org/page/龍ヶ崎飛行場,日本,JPN,Q17,https://geonames.jp/resource/茨城県,茨城県,https://geonames.jp/resource/茨城県龍ｹ崎市,龍ｹ崎市,,茨城県龍ｹ崎市半田町1177,,,,,,非共用空港,https://linkingopendata.com/local/関東地方,関東地方,,なし,https://www.central-air.co.jp/ryu_pan.html,800,m,
https://linkingopendata.com/airport/?HNDA,ホンダエアポート,,Honda Airport,https://imilite.org/施設型,日本の埼玉県川島町および桶川市にある飛行場,Q2333597,https://www.wikidata.org/wiki/Q2333597,https://ja.wikipedia.org/wiki/ホンダエアポート,飛行場,本田航空,http://ja.dbpedia.org/page/ホンダエアポート,日本,JPN,Q17,https://geonames.jp/resource/埼玉県,埼玉県,https://geonames.jp/resource/埼玉県川島町,川島町,11357839,埼玉県比企郡川島町出丸下郷53-1,,,,,,非共用空港,https://linkingopendata.com/local/関東地方,関東地方,,なし,https://www.honda-air.com/,720,m,
https://linkingopendata.com/airport/?MSIA,薩摩硫黄島飛行場,三島村薩摩硫黄島飛行場,Satsumaioujima Airfield,https://imilite.org/施設型,日本の鹿児島県三島村にある飛行場,Q8383318,https://www.wikidata.org/wiki/Q8383318,https://ja.wikipedia.org/wiki/薩摩硫黄島飛行場,飛行場,三島村,http://ja.dbpedia.org/page/薩摩硫黄島飛行場,日本,JPN,Q17,https://geonames.jp/resource/鹿児島県,鹿児島県,https://geonames.jp/resource/鹿児島県三島村,三島村,11357846,鹿児島県鹿児島郡三島村硫黄島無番地,,,,,,非共用空港,https://linkingopendata.com/local/九州地方,九州地方,,なし,https://www.pref.kagoshima.jp/suisuinavi/2783.html,600,m,
